{
    "epoch": 36,
    "train_f1": 0.970432617491441,
    "train_loss": 0.07703967288136482,
    "val_f1": 0.8080357142857143,
    "val_loss": 1.0022246880190713,
    "test_f1": 0.7814569536423841,
    "test_loss": 0.7665052052055087,
    "learning_rate": 0.001
}