{
    "epoch": 18,
    "train_f1": 0.84,
    "train_loss": 0.3936082673072815,
    "val_f1": 0.8436018957345972,
    "val_loss": 0.3712688386440277,
    "test_f1": 0.8198198198198198,
    "test_loss": 0.40067100897431374,
    "learning_rate": 0.01
}