{
    "epoch": 23,
    "train_f1": 0.9128014842300557,
    "train_loss": 0.2401606932282448,
    "val_f1": 0.7853881278538812,
    "val_loss": 1.2785716950893402,
    "test_f1": 0.7837837837837838,
    "test_loss": 0.9379665646702051,
    "learning_rate": 0.01
}