{
    "epoch": 17,
    "train_f1": 0.9257213014119091,
    "train_loss": 0.1779453033208847,
    "val_f1": 0.8019323671497585,
    "val_loss": 0.6917322687804699,
    "test_f1": 0.8038277511961722,
    "test_loss": 0.7095188498497009,
    "learning_rate": 0.01
}